{  
   "skaterHighlight":7,
   "timestamp":"Mon Jun 30 23:51:01 EDT 2014",
   "skaterData":[  
      {  
         "id":8470612,
         "data":"15, C, R. Getzlaf, 77, 31, 56, 87, 28, 31, 204, 21:17, 5, 0, 7, 1"
      },
      {  
         "id":8470621,
         "data":"10, R, C. Perry, 81, 43, 39, 82, 32, 65, 280, 19:28, 8, 0, 9, 1"
      },
      {  
         "id":8474009,
         "data":"13, C, N. Bonino, 77, 22, 27, 49, 14, 22, 159, 16:13, 7, 0, 2, 1"
      },
      {  
         "id":8473618,
         "data":"22, C, M. Perreault, 69, 18, 25, 43, 13, 36, 120, 13:52, 4, 0, 1, 1"
      },
      {  
         "id":8471699,
         "data":"7, C, A. Cogliano, 82, 21, 21, 42, 13, 26, 157, 15:23, 0, 3, 5, 0"
      },
      {  
         "id":8475764,
         "data":"4, D, C. Fowler, 70, 6, 30, 36, 15, 14, 100, 23:51, 4, 1, 2, 0"
      },
      {  
         "id":8471208,
         "data":"17, L, D. Penner, 49, 13, 19, 32, 22, 28, 100, 15:15, 5, 0, 2, 0"
      },
      {  
         "id":8475151,
         "data":"21, R, K. Palmieri, 71, 14, 17, 31, 9, 38, 147, 11:56, 0, 0, 4, 1"
      },
      {  
         "id":8471476,
         "data":"34, C, D. Winnik, 76, 6, 24, 30, 6, 23, 115, 15:23, 0, 2, 2, 0"
      },
      {  
         "id":8476854,
         "data":"47, D, H. Lindholm, 78, 6, 24, 30, 29, 36, 116, 19:25, 1, 0, 1, 0"
      },
      {  
         "id":8459442,
         "data":"11, C, S. Koivu, 65, 11, 18, 29, 3, 46, 81, 15:02, 0, 1, 1, 1"
      },
      {  
         "id":8474034,
         "data":"62, L, P. Maroon, 62, 11, 18, 29, 11, 101, 93, 12:18, 1, 0, 3, 0"
      },
      {  
         "id":8457981,
         "data":"8, R, T. Selanne, 64, 9, 18, 27, 8, 12, 111, 14:07, 4, 0, 3, 0"
      },
      {  
         "id":8473492,
         "data":"39, L, M. Beleskey, 55, 9, 15, 24, 8, 64, 112, 12:26, 0, 0, 2, 0"
      },
      {  
         "id":8475164,
         "data":"33, R, J. Silfverberg, 52, 10, 13, 23, 2, 12, 119, 14:15, 1, 2, 1, 0"
      },
      {  
         "id":8475222,
         "data":"45, D, S. Vatanen, 48, 6, 15, 21, 9, 22, 73, 17:27, 2, 0, 0, 0"
      },
      {  
         "id":8473933,
         "data":"6, D, B. Lovejoy, 78, 5, 13, 18, 21, 39, 107, 19:23, 0, 0, 2, 0"
      },
      {  
         "id":8467400,
         "data":"23, D, F. Beauchemin, 70, 4, 13, 17, 26, 39, 100, 23:05, 1, 0, 1, 0"
      },
      {  
         "id":8475770,
         "data":"65, L, E. Etem, 29, 7, 4, 11, 3, 4, 44, 12:47, 1, 1, 2, 0"
      },
      {  
         "id":8467332,
         "data":"55, D, B. Allen, 68, 0, 10, 10, 20, 75, 60, 17:33, 0, 0, 0, 0"
      },
      {  
         "id":8475758,
         "data":"77, R, D. Smith-Pelly, 19, 2, 8, 10, 5, 2, 23, 12:38, 0, 0, 0, 0"
      },
      {  
         "id":8474579,
         "data":"5, D, L. Sbisa, 30, 1, 5, 6, 0, 43, 30, 17:03, 0, 0, 0, 0"
      },
      {  
         "id":8462196,
         "data":"19, D, S. Robidas, 14, 1, 4, 5, 3, 8, 21, 20:37, 0, 0, 1, 1"
      },
      {  
         "id":8471241,
         "data":"28, D, M. Fistric, 34, 1, 4, 5, 9, 28, 22, 15:24, 0, 0, 0, 0"
      },
      {  
         "id":8469490,
         "data":"18, R, T. Jackman, 26, 3, 1, 4, -2, 62, 37, 7:22, 0, 0, 0, 0"
      },
      {  
         "id":8476483,
         "data":"67, C, R. Rakell, 18, 0, 4, 4, -3, 2, 22, 11:43, 0, 0, 0, 0"
      },
      {  
         "id":8474005,
         "data":"51, D, A. Grant, 2, 2, 0, 2, 3, 2, 2, 12:10, 0, 0, 0, 0"
      },
      {  
         "id":8467910,
         "data":"40, D, N. Yonkman, 2, 0, 1, 1, -1, 0, 3, 14:53, 0, 0, 0, 0"
      },
      {  
         "id":8475180,
         "data":"74, C, P. Holland, 4, 1, 0, 1, -1, 2, 3, 9:05, 0, 0, 0, 0"
      },
      {  
         "id":8469483,
         "data":"20, C, D. Steckel, 6, 0, 0, 0, 0, 0, 8, 10:50, 0, 0, 0, 0"
      }
   ],
   "skaterCategories":"#, POS, NAME, GP, G, A, P, +/-, PIM, S, TOI/G, PP, SH, GWG, OT",
   "goalieHighlight":5,
   "goalieData":[  
      {  
         "id":8473972,
         "data":"1, G, J. Hiller, 50, 29, 13, 7, 120, 1348, 1228, 0.911000, 2.480000, 5, 0, 2909"
      },
      {  
         "id":8475883,
         "data":"31, G, F. Andersen, 28, 20, 5, 0, 60, 783, 723, 0.923000, 2.290000, 0, 0, 1569"
      },
      {  
         "id":8476434,
         "data":"36, G, J. Gibson, 3, 3, 0, 0, 4, 87, 83, 0.954000, 1.330000, 1, 0, 181"
      },
      {  
         "id":8476839,
         "data":"30, G, V. Fasth, 5, 2, 2, 1, 15, 131, 116, 0.885000, 2.950000, 0, 0, 305"
      }
   ],
   "goalieCategories":"#, POS, NAME, GP, W, L, OT, GA, SA, Sv, SV%, GAA, SO, PIM, Min"
}