{  
   "skaterHighlight":7,
   "timestamp":"Mon Jun 30 23:50:59 EDT 2014",
   "skaterData":[  
      {  
         "id":8470595,
         "data":"12, C, E. Staal, 79, 21, 40, 61, -13, 74, 230, 20:17, 1, 2, 0, 0"
      },
      {  
         "id":8475784,
         "data":"53, L, J. Skinner, 71, 33, 21, 54, -14, 22, 274, 17:11, 11, 0, 6, 1"
      },
      {  
         "id":8471284,
         "data":"4, D, A. Sekera, 74, 11, 33, 44, 4, 20, 142, 23:40, 4, 1, 1, 0"
      },
      {  
         "id":8470120,
         "data":"28, R, A. Semin, 65, 22, 20, 42, 1, 42, 210, 19:54, 6, 1, 3, 1"
      },
      {  
         "id":8473533,
         "data":"11, C, J. Staal, 82, 15, 25, 40, 2, 34, 165, 18:56, 2, 1, 2, 0"
      },
      {  
         "id":8475753,
         "data":"27, D, J. Faulk, 76, 5, 27, 32, -9, 37, 152, 23:24, 2, 0, 1, 0"
      },
      {  
         "id":8471804,
         "data":"14, L, N. Gerbe, 81, 16, 15, 31, -6, 36, 221, 16:24, 3, 2, 1, 0"
      },
      {  
         "id":8473482,
         "data":"19, L, J. Tlusty, 68, 16, 14, 30, 2, 22, 131, 15:10, 0, 2, 5, 0"
      },
      {  
         "id":8474062,
         "data":"20, C, R. Nash, 73, 10, 14, 24, 0, 29, 86, 12:40, 1, 0, 3, 0"
      },
      {  
         "id":8470302,
         "data":"39, R, P. Dwyer, 75, 8, 14, 22, -2, 14, 134, 14:39, 0, 2, 2, 0"
      },
      {  
         "id":8477496,
         "data":"16, C, E. Lindholm, 58, 9, 12, 21, -14, 4, 70, 14:31, 4, 0, 2, 0"
      },
      {  
         "id":8469462,
         "data":"15, R, T. Ruutu, 57, 5, 11, 16, -19, 34, 79, 14:14, 2, 0, 1, 0"
      },
      {  
         "id":8468493,
         "data":"65, D, R. Hainsey, 82, 4, 11, 15, -9, 45, 72, 21:26, 0, 0, 1, 0"
      },
      {  
         "id":8469531,
         "data":"44, D, J. Harrison, 68, 4, 11, 15, -1, 44, 103, 16:37, 1, 0, 1, 1"
      },
      {  
         "id":8467334,
         "data":"22, C, M. Malhotra, 69, 7, 6, 13, 0, 18, 53, 11:35, 0, 0, 1, 1"
      },
      {  
         "id":8474137,
         "data":"21, L, D. Bowman, 70, 4, 8, 12, -2, 16, 80, 10:21, 0, 0, 0, 0"
      },
      {  
         "id":8476465,
         "data":"7, D, R. Murphy, 48, 2, 10, 12, -9, 10, 81, 18:17, 1, 0, 0, 0"
      },
      {  
         "id":8474681,
         "data":"8, C, A. Loktionov, 20, 3, 7, 10, -4, 2, 34, 14:35, 2, 0, 1, 0"
      },
      {  
         "id":8462041,
         "data":"18, R, R. Dvorak, 60, 4, 5, 9, 3, 41, 52, 10:38, 0, 0, 2, 0"
      },
      {  
         "id":8468639,
         "data":"26, D, J. Liles, 35, 2, 7, 9, 7, 8, 51, 20:05, 1, 0, 0, 0"
      },
      {  
         "id":8474135,
         "data":"73, D, B. Bellemore, 64, 2, 6, 8, -1, 45, 54, 17:28, 0, 0, 0, 0"
      },
      {  
         "id":8469460,
         "data":"5, D, M. Komisarek, 32, 0, 4, 4, -4, 14, 20, 11:41, 0, 0, 0, 0"
      },
      {  
         "id":8474576,
         "data":"32, L, Z. Boychuk, 11, 1, 3, 4, 2, 0, 15, 10:11, 0, 0, 0, 0"
      },
      {  
         "id":8471840,
         "data":"42, C, B. Sutter, 17, 1, 1, 2, -4, 9, 16, 7:33, 0, 0, 1, 0"
      },
      {  
         "id":8474052,
         "data":"58, L, C. Terry, 10, 0, 2, 2, -4, 0, 13, 12:04, 0, 0, 0, 0"
      },
      {  
         "id":8469476,
         "data":"6, D, T. Gleason, 17, 0, 1, 1, -7, 10, 15, 15:53, 0, 0, 0, 0"
      },
      {  
         "id":8473908,
         "data":"8, R, K. Westgarth, 12, 0, 0, 0, -2, 4, 6, 4:52, 0, 0, 0, 0"
      },
      {  
         "id":8474030,
         "data":"37, R, A. Palushaj, 2, 0, 0, 0, -1, 0, 2, 9:19, 0, 0, 0, 0"
      }
   ],
   "skaterCategories":"#, POS, NAME, GP, G, A, P, +/-, PIM, S, TOI/G, PP, SH, GWG, OT",
   "goalieHighlight":5,
   "goalieData":[  
      {  
         "id":8471418,
         "data":"31, G, A. Khudobin, 36, 19, 14, 1, 80, 1076, 996, 0.926000, 2.300000, 1, 0, 2084"
      },
      {  
         "id":8470320,
         "data":"30, G, C. Ward, 30, 10, 12, 6, 84, 824, 740, 0.898000, 3.060000, 0, 2, 1645"
      },
      {  
         "id":8471251,
         "data":"35, G, J. Peters, 21, 7, 9, 4, 51, 626, 575, 0.919000, 2.500000, 1, 4, 1225"
      }
   ],
   "goalieCategories":"#, POS, NAME, GP, W, L, OT, GA, SA, Sv, SV%, GAA, SO, PIM, Min"
}