{  
   "timestamp":"Mon Apr 06 11:44:49 EDT 2015",
   "goalie":[  
      {  
         "position":"Goalie",
         "id":8471418,
         "weight":203,
         "height":"5' 11\"",
         "imageUrl":"http://1.cdn.nhle.com/photos/mugs/8471418.jpg",
         "birthplace":"Ust-Kamenogorsk, KAZ",
         "age":28,
         "name":"Anton Khudobin",
         "birthdate":"May 07, 1986",
         "number":31
      },
      {  
         "position":"Goalie",
         "id":8470320,
         "weight":185,
         "height":"6' 1\"",
         "imageUrl":"http://2.cdn.nhle.com/photos/mugs/8470320.jpg",
         "birthplace":"Saskatoon, SK, CAN",
         "age":31,
         "name":"Cam Ward",
         "birthdate":"February 29, 1984",
         "number":30
      }
   ],
   "defensemen":[  
      {  
         "position":"Defenseman",
         "id":8474135,
         "weight":225,
         "height":"6' 4\"",
         "imageUrl":"http://3.cdn.nhle.com/photos/mugs/8474135.jpg",
         "birthplace":"Windsor, ON, CAN",
         "age":26,
         "name":"Brett Bellemore",
         "birthdate":"June 25, 1988",
         "number":73
      },
      {  
         "position":"Defenseman",
         "id":8475732,
         "weight":205,
         "height":"6' 0\"",
         "imageUrl":"http://3.cdn.nhle.com/photos/mugs/8475732.jpg",
         "birthplace":"Montreal, QC, CAN",
         "age":23,
         "name":"Danny Biega",
         "birthdate":"September 29, 1991",
         "number":41
      },
      {  
         "position":"Defenseman",
         "id":8475753,
         "twitterURL":"https://twitter.com/JustinFaulk27",
         "weight":215,
         "height":"6' 0\"",
         "imageUrl":"http://3.cdn.nhle.com/photos/mugs/8475753.jpg",
         "birthplace":"South St.Paul, MN, USA",
         "twitterHandle":"JustinFaulk27",
         "age":23,
         "name":"Justin Faulk",
         "birthdate":"March 20, 1992",
         "number":27
      },
      {  
         "position":"Defenseman",
         "id":8468493,
         "weight":210,
         "height":"6' 3\"",
         "imageUrl":"http://3.cdn.nhle.com/photos/mugs/8468493.jpg",
         "birthplace":"Bolton, CT, USA",
         "age":34,
         "name":"Ron Hainsey",
         "birthdate":"March 24, 1981",
         "number":65
      },
      {  
         "position":"Defenseman",
         "id":8474519,
         "weight":190,
         "height":"5' 10\"",
         "imageUrl":"http://2.cdn.nhle.com/photos/mugs/8474519.jpg",
         "birthplace":"Minnetonka, MN, USA",
         "age":29,
         "name":"Jack Hillen",
         "birthdate":"January 24, 1986",
         "number":38
      },
      {  
         "position":"Defenseman",
         "id":8474661,
         "twitterURL":"https://twitter.com/TheBigCzech23",
         "weight":195,
         "height":"6' 1\"",
         "imageUrl":"http://3.cdn.nhle.com/photos/mugs/8474661.jpg",
         "birthplace":"Zlin, CZE",
         "twitterHandle":"TheBigCzech23",
         "age":24,
         "name":"Michal Jordan",
         "birthdate":"July 17, 1990",
         "number":47
      },
      {  
         "position":"Defenseman",
         "id":8468639,
         "twitterURL":"https://twitter.com/hoosierjm26",
         "weight":185,
         "height":"5' 10\"",
         "imageUrl":"http://1.cdn.nhle.com/photos/mugs/8468639.jpg",
         "birthplace":"Indianapolis, IN, USA",
         "twitterHandle":"hoosierjm26",
         "age":34,
         "name":"John-Michael Liles",
         "birthdate":"November 25, 1980",
         "number":26
      },
      {  
         "position":"Defenseman",
         "id":8476465,
         "twitterURL":"https://twitter.com/ryanmurphy24",
         "weight":185,
         "height":"5' 11\"",
         "imageUrl":"http://2.cdn.nhle.com/photos/mugs/8476465.jpg",
         "birthplace":"Aurora, ON, CAN",
         "twitterHandle":"ryanmurphy24",
         "age":22,
         "name":"Ryan Murphy",
         "birthdate":"March 31, 1993",
         "number":7
      },
      {  
         "position":"Defenseman",
         "id":8475294,
         "weight":217,
         "height":"6' 3\"",
         "imageUrl":"http://2.cdn.nhle.com/photos/mugs/8475294.jpg",
         "birthplace":"Kuopio, FIN",
         "age":23,
         "name":"Rasmus Rissanen",
         "birthdate":"July 13, 1991",
         "number":62
      }
   ],
   "forwards":[  
      {  
         "position":"Right Wing",
         "id":8470302,
         "twitterURL":"https://twitter.com/pattydwyer39",
         "weight":175,
         "height":"5' 11\"",
         "imageUrl":"http://2.cdn.nhle.com/photos/mugs/8470302.jpg",
         "birthplace":"Spokane, WA, USA",
         "twitterHandle":"pattydwyer39",
         "age":31,
         "name":"Patrick Dwyer",
         "birthdate":"June 22, 1983",
         "number":39
      },
      {  
         "position":"Left Wing",
         "id":8471804,
         "weight":178,
         "height":"5' 5\"",
         "imageUrl":"http://3.cdn.nhle.com/photos/mugs/8471804.jpg",
         "birthplace":"Oxford, MI, USA",
         "age":27,
         "name":"Nathan Gerbe",
         "birthdate":"July 24, 1987",
         "number":14
      },
      {  
         "position":"Center",
         "id":8477496,
         "twitterURL":"https://twitter.com/lindholmelias",
         "weight":192,
         "height":"6' 1\"",
         "imageUrl":"http://2.cdn.nhle.com/photos/mugs/8477496.jpg",
         "birthplace":"Boden, SWE",
         "twitterHandle":"lindholmelias",
         "age":20,
         "name":"Elias Lindholm",
         "birthdate":"December 02, 1994",
         "number":16
      },
      {  
         "position":"Center",
         "id":8474089,
         "twitterURL":"https://twitter.com/Bmalone22",
         "weight":207,
         "height":"6' 2\"",
         "imageUrl":"http://2.cdn.nhle.com/photos/mugs/8474089.jpg",
         "birthplace":"Miramichi, NB, CAN",
         "twitterHandle":"Bmalone22",
         "age":25,
         "name":"Brad Malone",
         "birthdate":"May 20, 1989",
         "number":24
      },
      {  
         "position":"Center",
         "id":8469508,
         "weight":205,
         "height":"6' 1\"",
         "imageUrl":"http://3.cdn.nhle.com/photos/mugs/8469508.jpg",
         "birthplace":"Kingston, ON, CAN",
         "age":32,
         "name":"Jay McClement",
         "birthdate":"March 02, 1983",
         "number":18
      },
      {  
         "position":"Center",
         "id":8474062,
         "twitterURL":"https://twitter.com/rileynash20",
         "weight":200,
         "height":"6' 1\"",
         "imageUrl":"http://2.cdn.nhle.com/photos/mugs/8474062.jpg",
         "birthplace":"Consort, AB, CAN",
         "twitterHandle":"rileynash20",
         "age":25,
         "name":"Riley Nash",
         "birthdate":"May 09, 1989",
         "number":20
      },
      {  
         "position":"Center",
         "id":8475250,
         "weight":200,
         "height":"6' 3\"",
         "imageUrl":"http://1.cdn.nhle.com/photos/mugs/8475250.jpg",
         "birthplace":"Prague, CZE",
         "age":24,
         "name":"Andrej Nestrasil",
         "birthdate":"February 22, 1991",
         "number":15
      },
      {  
         "position":"Center",
         "id":8476437,
         "twitterURL":"https://twitter.com/VictorRask",
         "weight":200,
         "height":"6' 2\"",
         "imageUrl":"http://3.cdn.nhle.com/photos/mugs/8476437.jpg",
         "birthplace":"Leksand, SWE",
         "twitterHandle":"VictorRask",
         "age":22,
         "name":"Victor Rask",
         "birthdate":"March 01, 1993",
         "number":49
      },
      {  
         "position":"Right Wing",
         "id":8470120,
         "weight":209,
         "height":"6' 2\"",
         "imageUrl":"http://2.cdn.nhle.com/photos/mugs/8470120.jpg",
         "birthplace":"Krasnojarsk, RUS",
         "age":31,
         "name":"Alexander Semin",
         "birthdate":"March 03, 1984",
         "number":28
      },
      {  
         "position":"Left Wing",
         "id":8475784,
         "twitterURL":"https://twitter.com/JeffSkinner",
         "weight":200,
         "height":"5' 11\"",
         "imageUrl":"http://2.cdn.nhle.com/photos/mugs/8475784.jpg",
         "birthplace":"Toronto, ON, CAN",
         "twitterHandle":"JeffSkinner",
         "age":22,
         "name":"Jeff Skinner",
         "birthdate":"May 16, 1992",
         "number":53
      },
      {  
         "position":"Center",
         "id":8470595,
         "weight":205,
         "height":"6' 4\"",
         "imageUrl":"http://1.cdn.nhle.com/photos/mugs/8470595.jpg",
         "birthplace":"Thunder Bay, ON, CAN",
         "age":30,
         "name":"Eric Staal",
         "birthdate":"October 29, 1984",
         "number":12
      },
      {  
         "position":"Center",
         "id":8473533,
         "weight":220,
         "height":"6' 4\"",
         "imageUrl":"http://2.cdn.nhle.com/nhl/en/v3/photos/mugs/8473533.jpg",
         "birthplace":"Thunder Bay, ON, CAN",
         "age":26,
         "name":"Jordan Staal",
         "birthdate":"September 10, 1988",
         "number":11
      },
      {  
         "position":"Left Wing",
         "id":8474052,
         "twitterURL":"https://twitter.com/christerry25",
         "weight":195,
         "height":"5' 10\"",
         "imageUrl":"http://1.cdn.nhle.com/photos/mugs/8474052.jpg",
         "birthplace":"Brampton, ON, CAN",
         "twitterHandle":"christerry25",
         "age":25,
         "name":"Chris Terry",
         "birthdate":"April 07, 1989",
         "number":25
      }
   ]
}