{  
   "skaterHighlight":7,
   "timestamp":"Mon Jun 30 23:50:58 EDT 2014",
   "skaterData":[  
      {  
         "id":8471675,
         "data":"87, C, S. Crosby, 80, 36, 68, 104, 18, 46, 259, 21:58, 11, 0, 5, 1"
      },
      {  
         "id":8471215,
         "data":"71, C, E. Malkin, 60, 23, 49, 72, 10, 62, 191, 20:03, 7, 0, 3, 0"
      },
      {  
         "id":8470543,
         "data":"14, L, C. Kunitz, 78, 35, 33, 68, 25, 66, 218, 19:09, 13, 0, 8, 0"
      },
      {  
         "id":8471707,
         "data":"18, R, J. Neal, 59, 27, 34, 61, 15, 55, 238, 18:26, 11, 0, 4, 3"
      },
      {  
         "id":8469638,
         "data":"36, L, J. Jokinen, 81, 21, 36, 57, 12, 18, 172, 15:42, 6, 0, 4, 0"
      },
      {  
         "id":8471702,
         "data":"2, D, M. Niskanen, 81, 10, 36, 46, 33, 51, 162, 21:17, 3, 0, 6, 0"
      },
      {  
         "id":8476874,
         "data":"3, D, O. Maatta, 78, 9, 20, 29, 8, 14, 119, 18:29, 3, 1, 1, 0"
      },
      {  
         "id":8474091,
         "data":"16, C, B. Sutter, 81, 13, 13, 26, -9, 12, 144, 15:46, 2, 3, 1, 0"
      },
      {  
         "id":8471724,
         "data":"58, D, K. Letang, 37, 11, 11, 22, -8, 16, 108, 24:14, 6, 0, 1, 0"
      },
      {  
         "id":8466393,
         "data":"9, R, P. Dupuis, 39, 7, 13, 20, 6, 8, 97, 17:41, 0, 0, 0, 0"
      },
      {  
         "id":8476207,
         "data":"49, C, B. Gibbons, 41, 5, 12, 17, 5, 6, 29, 11:56, 1, 0, 0, 0"
      },
      {  
         "id":8468542,
         "data":"7, D, P. Martin, 39, 3, 12, 15, -4, 10, 54, 24:34, 1, 0, 2, 0"
      },
      {  
         "id":8471856,
         "data":"46, C, J. Vitale, 53, 1, 13, 14, -1, 29, 42, 10:58, 0, 0, 1, 0"
      },
      {  
         "id":8468498,
         "data":"44, D, B. Orpik, 72, 2, 11, 13, -3, 46, 50, 21:11, 0, 0, 0, 0"
      },
      {  
         "id":8470854,
         "data":"15, L, T. Glass, 67, 4, 9, 13, -8, 90, 56, 11:47, 0, 0, 0, 0"
      },
      {  
         "id":8468674,
         "data":"5, D, D. Engelland, 56, 6, 6, 12, -6, 58, 59, 13:02, 0, 0, 1, 0"
      },
      {  
         "id":8465166,
         "data":"27, R, C. Adams, 82, 5, 6, 11, -16, 46, 73, 12:27, 0, 0, 0, 0"
      },
      {  
         "id":8470740,
         "data":"22, R, L. Stempniak, 21, 4, 7, 11, 5, 4, 34, 16:07, 0, 0, 1, 0"
      },
      {  
         "id":8474145,
         "data":"41, D, R. Bortuzzo, 54, 0, 10, 10, -3, 74, 50, 15:28, 0, 0, 0, 0"
      },
      {  
         "id":8477126,
         "data":"59, C, J. Megna, 36, 5, 4, 9, 1, 6, 36, 10:29, 0, 0, 2, 0"
      },
      {  
         "id":8475761,
         "data":"19, R, B. Bennett, 21, 3, 4, 7, -2, 0, 27, 13:50, 0, 0, 1, 0"
      },
      {  
         "id":8472368,
         "data":"23, R, C. Conner, 19, 4, 1, 5, -3, 2, 17, 11:46, 0, 0, 0, 0"
      },
      {  
         "id":8475155,
         "data":"47, D, S. Despres, 34, 0, 5, 5, 4, 26, 41, 16:44, 0, 0, 0, 0"
      },
      {  
         "id":8467452,
         "data":"4, D, R. Scuderi, 53, 0, 4, 4, -8, 2, 28, 18:55, 0, 0, 0, 0"
      },
      {  
         "id":8467881,
         "data":"17, L, T. Pyatt, 34, 4, 0, 4, -15, 10, 30, 10:52, 1, 0, 1, 0"
      },
      {  
         "id":8469467,
         "data":"12, R, C. Kobasew, 33, 2, 0, 2, 1, 15, 37, 11:12, 0, 0, 2, 0"
      },
      {  
         "id":8469473,
         "data":"57, C, M. Goc, 12, 0, 2, 2, 0, 4, 12, 12:54, 0, 0, 0, 0"
      },
      {  
         "id":8476158,
         "data":"39, L, H. Zolnierczyk, 13, 2, 0, 2, 0, 12, 12, 10:07, 0, 0, 0, 0"
      },
      {  
         "id":8471851,
         "data":"22, R, M. D'Agostini, 8, 0, 1, 1, -1, 4, 11, 11:20, 0, 0, 0, 0"
      },
      {  
         "id":8473682,
         "data":"25, C, A. Ebbett, 9, 0, 1, 1, -4, 0, 9, 11:03, 0, 0, 0, 0"
      },
      {  
         "id":8474138,
         "data":"17, L, D. Jeffrey, 10, 0, 1, 1, -2, 2, 9, 10:49, 0, 0, 0, 0"
      },
      {  
         "id":8475208,
         "data":"8, D, B. Dumoulin, 6, 0, 1, 1, 1, 4, 3, 19:14, 0, 0, 0, 0"
      },
      {  
         "id":8471428,
         "data":"32, R, P. Letourneau-Leblond, 1, 0, 0, 0, 0, 0, 1, 4:34, 0, 0, 0, 0"
      },
      {  
         "id":8471832,
         "data":"40, C, N. Drazenovic, 1, 0, 0, 0, -1, 2, 3, 10:18, 0, 0, 0, 0"
      },
      {  
         "id":8475119,
         "data":"38, C, Z. Sill, 20, 0, 0, 0, -4, 12, 14, 10:47, 0, 0, 0, 0"
      },
      {  
         "id":8475194,
         "data":"55, D, P. Samuelsson, 5, 0, 0, 0, -1, 0, 5, 15:34, 0, 0, 0, 0"
      },
      {  
         "id":8476522,
         "data":"45, C, A. Payerl, 2, 0, 0, 0, -1, 2, 4, 9:09, 0, 0, 0, 0"
      }
   ],
   "skaterCategories":"#, POS, NAME, GP, G, A, P, +/-, PIM, S, TOI/G, PP, SH, GWG, OT",
   "goalieHighlight":5,
   "goalieData":[  
      {  
         "id":8470594,
         "data":"29, G, M. Fleury, 64, 39, 18, 5, 150, 1774, 1624, 0.915000, 2.370000, 5, 4, 3792"
      },
      {  
         "id":8473553,
         "data":"37, G, J. Zatkoff, 20, 12, 6, 2, 51, 582, 531, 0.912000, 2.610000, 1, 0, 1171"
      }
   ],
   "goalieCategories":"#, POS, NAME, GP, W, L, OT, GA, SA, Sv, SV%, GAA, SO, PIM, Min"
}